{"__symbolic":"module","version":4,"metadata":{"UiScrollModule":{"__symbolic":"class","decorators":[{"__symbolic":"call","expression":{"__symbolic":"reference","module":"@angular/core","name":"NgModule","line":6,"character":1},"arguments":[{"declarations":[{"__symbolic":"reference","name":"ɵa"},{"__symbolic":"reference","name":"ɵb"}],"imports":[{"__symbolic":"reference","module":"@angular/common","name":"CommonModule","line":11,"character":12}],"entryComponents":[{"__symbolic":"reference","name":"ɵa"}],"exports":[{"__symbolic":"reference","name":"ɵb"}],"providers":[]}]}],"members":{}},"Datasource":{"__symbolic":"class","members":{"__ctor__":[{"__symbolic":"constructor","parameters":[{"__symbolic":"reference","name":"Datasource"},{"__symbolic":"reference","name":"boolean"}]}]}},"IDatasource":{"__symbolic":"reference","name":"Datasource"},"ɵa":{"__symbolic":"class","decorators":[{"__symbolic":"call","expression":{"__symbolic":"reference","module":"@angular/core","name":"Component","line":11,"character":1},"arguments":[{"selector":"[ui-scroll]","changeDetection":{"__symbolic":"select","expression":{"__symbolic":"reference","module":"@angular/core","name":"ChangeDetectionStrategy","line":13,"character":19},"member":"OnPush"},"template":"<div data-padding-backward></div><div\n  *ngFor=\"let item of items\"\n  [attr.data-sid]=\"item.nodeId\"\n  [style.position]=\"item.invisible ? 'fixed' : null\"\n  [style.left]=\"item.invisible ? '-99999px' : null\"\n><ng-template\n  [ngTemplateOutlet]=\"template\"\n  [ngTemplateOutletContext]=\"{\n    $implicit: item.data,\n    index: item.$index\n }\"\n></ng-template></div><div data-padding-forward></div>"}]}],"members":{"__ctor__":[{"__symbolic":"constructor","parameters":[{"__symbolic":"reference","module":"@angular/core","name":"ChangeDetectorRef","line":41,"character":27},{"__symbolic":"reference","module":"@angular/core","name":"ElementRef","line":42,"character":23},{"__symbolic":"reference","module":"@angular/core","name":"Renderer2","line":43,"character":21}]}],"ngOnInit":[{"__symbolic":"method"}],"ngOnDestroy":[{"__symbolic":"method"}]}},"ɵb":{"__symbolic":"class","decorators":[{"__symbolic":"call","expression":{"__symbolic":"reference","module":"@angular/core","name":"Directive","line":6,"character":1},"arguments":[{"selector":"[uiScroll][uiScrollOf]"}]}],"members":{"__ctor__":[{"__symbolic":"constructor","parameters":[{"__symbolic":"reference","name":"TemplateRef","module":"@angular/core","arguments":[{"__symbolic":"reference","name":"any"}]},{"__symbolic":"reference","module":"@angular/core","name":"ViewContainerRef","line":13,"character":27},{"__symbolic":"reference","module":"@angular/core","name":"ComponentFactoryResolver","line":14,"character":22}]}],"uiScrollOf":[{"__symbolic":"property","decorators":[{"__symbolic":"call","expression":{"__symbolic":"reference","module":"@angular/core","name":"Input","line":18,"character":3}}]}],"ngOnInit":[{"__symbolic":"method"}]}}},"origins":{"UiScrollModule":"./src/ui-scroll.module","Datasource":"./src/component/classes/datasource","IDatasource":"./src/component/interfaces/datasource","ɵa":"./src/ui-scroll.component","ɵb":"./src/ui-scroll.directive"},"importAs":"ngx-ui-scroll"}